SELECT "Loading Test values" AS MESSAGE;

CALL rpfp.itdmu_create_rpfp_user('test', 'test', 'rojo', 'rowell', 'x@com.com', 08, 80000000, 50, 40);
SELECT "User Created: Test" AS MESSAGE;

CALL rpfp.itdmu_create_rpfp_user('encoder4b', 'encoder4b', 'mimaropa', 'encoder', 'mimaropa@yahoo.com', 17, 170000000, 50, 40);
SELECT "User Created: Test" AS MESSAGE;

CALL rpfp.itdmu_create_rpfp_user('focal4b', 'focal4b', 'four b', 'focal', 'f@com.com', 07, 070000000, 70, 40);
SELECT "User Created: focal7" AS MESSAGE;

CALL rpfp.itdmu_create_rpfp_user('partner4b', 'partner4b', 'four b', 'partner', 'v@com.com', 07, 070000000, 60, 40);
SELECT "User Created: partner7" AS MESSAGE;

CALL rpfp.itdmu_create_rpfp_user('encoderncr', 'encoderncr', 'ncr', 'encoder', 'ncrpopcom@yahoo.com', 13, 130000000, 50, 40);
SELECT "User Created: Test" AS MESSAGE;

CALL rpfp.itdmu_create_rpfp_user('focalncr', 'focalncr', 'ncr', 'focal', 'f@com.com', 07, 070000000, 70, 40);
SELECT "User Created: focal7" AS MESSAGE;

CALL rpfp.itdmu_create_rpfp_user('partnerncr', 'partnerncr', 'ncr', 'partner', 'v@com.com', 07, 070000000, 60, 40);
SELECT "User Created: partner7" AS MESSAGE;

CALL rpfp.itdmu_create_rpfp_user('root', '', 'root', 'root', 'y@com.com', 08, 080000000, 50, 40);
SELECT "User Created: root" AS MESSAGE;

CALL rpfp.itdmu_create_rpfp_user('encoder8', 'encoder8', 'eight', 'encoder', 'z@com.com', 08, 080000000, 50, 40);
SELECT "User Created: encoder8" AS MESSAGE;

CALL rpfp.itdmu_create_rpfp_user('focal8', 'focal8', 'eight', 'focal', 'f@com.com', 08, 080000000, 70, 40);
SELECT "User Created: focal8" AS MESSAGE;

CALL rpfp.itdmu_create_rpfp_user('partner8', 'partner8', 'eight', 'partner', 'v@com.com', 08, 080000000, 60, 40);
SELECT "User Created: partner8" AS MESSAGE;

CALL rpfp.itdmu_create_rpfp_user('rdm8', 'rdm8', 'eight', 'rdm', 'w@com.com', 08, 080000000, 80, 40);
SELECT "User Created: rdm8" AS MESSAGE;

CALL rpfp.itdmu_create_rpfp_user('encoder7', 'encoder7', 'seven', 'encoder', 'z@com.com', 07, 070000000, 50, 40);
SELECT "User Created: encoder7" AS MESSAGE;

CALL rpfp.itdmu_create_rpfp_user('focal7', 'focal7', 'seven', 'focal', 'f@com.com', 07, 070000000, 70, 40);
SELECT "User Created: focal7" AS MESSAGE;

CALL rpfp.itdmu_create_rpfp_user('partner7', 'partner7', 'seven', 'partner', 'v@com.com', 07, 070000000, 60, 40);
SELECT "User Created: partner7" AS MESSAGE;

CALL rpfp.itdmu_create_rpfp_user('rdm7', 'rdm7', 'seven', 'rdm', 'w@com.com', 07, 070000000, 80, 40);
SELECT "User Created: rdm7" AS MESSAGE;

CALL rpfp.itdmu_create_rpfp_user('rdm4b', 'rdm4b', 'mimaropa', 'rdm', 'mimaropa@yahoo.com', 17, 170000000, 80, 40);
SELECT "User Created: rdm8" AS MESSAGE;

CALL rpfp.itdmu_create_rpfp_user('rdmncr', 'rdmncr', 'ncr', 'rdm', 'ncrpopcom@yahoo.com', 13, 130000000, 80, 40);
SELECT "User Created: rdm8" AS MESSAGE;

CALL rpfp.itdmu_create_rpfp_user('pmed', 'pmed', 'root', 'root', 'p@com.com', '', '', 90, 50);
SELECT "User Created: pmed" AS MESSAGE;

CALL rpfp.itdmu_create_rpfp_user('exect00', 'exect00', 'root', 'root', 'e@com.com', '', '', 100, 50);
SELECT "User Created: exect00" AS MESSAGE;

--
-- Dumping data for table `rpfp_class`
--
SELECT "Populating Seminars" AS MESSAGE;

INSERT INTO rpfp.`rpfp_class`
            (`RPFP_CLASS_ID`, `TYPE_CLASS_ID`, `OTHERS_SPECIFY`,`BARANGAY_ID`,`CLASS_NUMBER`,`DATE_CONDUCTED`,`DB_USER_ID`)
     VALUES (1, 1, NULL, 083747125, 'RPFP-TAC-2019-00001','2019-02-11', 'test'),
            (2, 2, NULL, 083747125, 'RPFP-TAC-2019-00001','2019-02-11', 'root'),
            (3, 2, NULL, 083747125, 'RPFP-TAC-2019-00002','2019-02-11', 'test'),
            (4, 2, NULL, 083747125, 'RPFP-TAC-2019-00003','2019-02-11', 'root'),
            (5, 2, NULL, 083747125, 'RPFP-TAC-2019-00004','2019-02-11', 'test'),
            (6, 2, NULL, 083747125, 'RPFP-TAC-2019-00005','2019-02-11', 'root'),
            (7, 2, NULL, 083747125, 'RPFP-TAC-2019-00005','2019-02-11', 'test'),
            (8, 2, NULL, 083747125, 'RPFP-TAC-2019-00006','2019-03-11', 'root'),
            (9, 2, NULL, 083747125, 'RPFP-TAC-2019-00006','2019-03-11', 'test'),
            (10, 2, NULL, 083747125, 'RPFP-TAC-2019-00006','2019-03-11', 'root'),
            (11, 1, NULL, 083747125, 'RPFP-TAC-2019-00007','2019-03-11', 'test'),
            (12, 2, NULL, 083747125, 'RPFP-TAC-2019-00007','2019-03-11', 'root'),
            (13, 2, NULL, 071201005, 'RPFP-ALB-2019-00002','2019-02-11', 'encoder7'),
            (14, 2, NULL, 071201005, 'RPFP-ALB-2019-00003','2019-02-11', 'encoder7'),
            (15, 2, NULL, 071201005, 'RPFP-ALB-2019-00004','2019-02-11', 'encoder7'),
            (16, 2, NULL, 071201005, 'RPFP-ALB-2019-00005','2019-02-11', 'encoder7'),
            (17, 2, NULL, 071201005, 'RPFP-ALB-2019-00005','2019-02-11', 'encoder7'),
            (18, 2, NULL, 071201005, 'RPFP-ALB-2019-00006','2019-03-11', 'encoder7'),
            (19, 2, NULL, 071201005, 'RPFP-ALB-2019-00006','2019-03-11', 'encoder7'),
            (20, 2, NULL, 071201005, 'RPFP-ALB-2019-00006','2019-03-11', 'encoder7'),
            (21, 1, NULL, 071201005, 'RPFP-ALB-2019-00007','2019-03-11', 'encoder7'),
            (22, 2, NULL, 071201005, 'RPFP-ALB-2019-00007','2019-03-11', 'encoder7')
;

-- --------------------------------------------------------

SELECT "Populating Couples" AS MESSAGE;

--
-- Dumping data for table `couples`
--

INSERT INTO rpfp.`couples`
            (`COUPLES_ID`, `RPFP_CLASS_ID`, `ADDRESS_NO_ST`, `ADDRESS_BRGY`, `ADDRESS_CITY`, `HH_ID_NO`,  `NO_CHILDREN`, `DATE_ENCODED`,`IS_ACTIVE`)
     VALUES (1, 1, '5 ISANG STREET', 'PINAGKAISAHAN', 'MANDALUYONG', '1-000-102453-2', 8,  '2019-03-01', 2 ),
            (2, 1, '2 ISANG STREET', 'PINAGKAISAHAN', 'MANDALUYONG', '1-000-102453-2', 5, '2019-03-01', 0 ),
            (3, 1, '3 ISANG STREET', 'PINAGKAISAHAN', 'MANDALUYONG', '1-000-102453-2', 4, '2019-03-01', 2 ),
            (4, 1, '4 ISANG STREET', 'PINAGKAISAHAN', 'MANDALUYONG', '1-000-102453-2', 3, '2019-03-01', 0 ),
            (5, 1, '1 ISANG STREET', 'PINAGKAISAHAN', 'MANDALUYONG', '1-000-102453-2', 2, '2019-03-01', 2 ),
            (6, 1, '7 ISANG STREET', 'PINAGKAISAHAN', 'MANDALUYONG', '1-000-102453-2', 6, '2019-03-01', 2 ),
            (7, 1, '6 ISANG STREET', 'PINAGKAISAHAN', 'MANDALUYONG', '1-000-102453-2', 2, '2019-03-01', 0 ),
            (8, 1, '9 ISANG STREET', 'PINAGKAISAHAN', 'MANDALUYONG', '1-000-102453-2', 1, '2019-03-01', 0 ),
            (9, 1, '8 ISANG STREET', 'PINAGKAISAHAN', 'MANDALUYONG', '1-000-102453-2', 0, '2019-03-01', 0 ),
            (10, 1, '10 ISANG STREET', 'PINAGKAISAHAN', 'MANDALUYONG', '1-000-102453-2', 5, '2019-03-01', 0 ),
            (11, 1, '14 ISANG STREET', 'PINAGKAISAHAN', 'MANDALUYONG', '1-000-102453-2', 4, '2019-03-01', 0 ),
            (12, 1, '13 ISANG STREET', 'PINAGKAISAHAN', 'MANDALUYONG', '1-000-102453-2', 3, '2019-03-01', 0 ),
            (13, 1, '12 ISANG STREET', 'PINAGKAISAHAN', 'MANDALUYONG', '1-000-102453-2', 7, '2019-03-01', 2 ),
            (14, 1, '11 ISANG STREET', 'PINAGKAISAHAN', 'MANDALUYONG', '1-000-102453-2', 2, '2019-03-01', 2 ),
            (15, 1, '15 ISANG STREET', 'PINAGKAISAHAN', 'MANDALUYONG', '1-000-102453-2', 2, '2019-03-01', 0 ),
            (16, 2, '2 DALAWA STREET', 'PINAGKAISAHAN', 'MANDALUYONG', '1-000-102453-2', 5, '2019-03-01', 0 ),
            (17, 2, '3 DALAWA STREET', 'PINAGKAISAHAN', 'MANDALUYONG', '1-000-102453-2', 4, '2019-03-01', 0 ),
            (18, 2, '4 DALAWA STREET', 'PINAGKAISAHAN', 'MANDALUYONG', '1-000-102453-2', 3, '2019-03-01', 0 ),
            (19, 2, '1 DALAWA STREET', 'PINAGKAISAHAN', 'MANDALUYONG', '1-000-102453-2', 2, '2019-03-01', 0 ),
            (20, 2, '7 DALAWA STREET', 'PINAGKAISAHAN', 'MANDALUYONG', '1-000-102453-2', 6, '2019-03-01', 0 ),
            (21, 2, '6 DALAWA STREET', 'PINAGKAISAHAN', 'MANDALUYONG', '1-000-102453-2', 2, '2019-03-01', 0 ),
            (22, 2, '9 DALAWA STREET', 'PINAGKAISAHAN', 'MANDALUYONG', '1-000-102453-2', 1, '2019-03-01', 0 ),
            (23, 2, '8 DALAWA STREET', 'PINAGKAISAHAN', 'MANDALUYONG', '1-000-102453-2', 0, '2019-03-01', 0 ),
            (24, 2, '10 DALAWA STREET', 'PINAGKAISAHAN', 'MANDALUYONG', '1-000-102453-2', 5, '2019-03-01', 0 ),
            (25, 2, '14 DALAWA STREET', 'PINAGKAISAHAN', 'MANDALUYONG', '1-000-102453-2', 4, '2019-03-01', 0 ),
            (26, 3, '13 TATLO STREET', 'PINAGKAISAHAN', 'MANDALUYONG', '1-000-102453-2', 3, '2019-03-01', 0 ),
            (27, 3, '12 TATLO STREET', 'PINAGKAISAHAN', 'MANDALUYONG', '1-000-102453-2', 7, '2019-03-01', 2 ),
            (28, 3, '11 TATLO STREET', 'PINAGKAISAHAN', 'MANDALUYONG', '1-000-102453-2', 2, '2019-03-01', 2 ),
            (29, 3, '15 TATLO STREET', 'PINAGKAISAHAN', 'MANDALUYONG', '1-000-102453-2', 2, '2019-03-01', 0 ),
            (30, 3, '2 TATLO STREET', 'PINAGKAISAHAN', 'MANDALUYONG', '1-000-102453-2', 5, '2019-03-01', 0 ),
            (31, 3, '3 TATLO STREET', 'PINAGKAISAHAN', 'MANDALUYONG', '1-000-102453-2', 4, '2019-03-01', 2 ),
            (32, 3, '4 TATLO STREET', 'PINAGKAISAHAN', 'MANDALUYONG', '1-000-102453-2', 3, '2019-03-01', 0 ),
            (33, 3, '1 TATLO STREET', 'PINAGKAISAHAN', 'MANDALUYONG', '1-000-102453-2', 2, '2019-03-01', 2 ),
            (34, 3, '7 TATLO STREET', 'PINAGKAISAHAN', 'MANDALUYONG', '1-000-102453-2', 6, '2019-03-01', 2 ),
            (35, 3, '6 TATLO STREET', 'PINAGKAISAHAN', 'MANDALUYONG', '1-000-102453-2', 2, '2019-03-01', 0 ),
            (36, 4, '9 APAT STREET', 'PINAGKAISAHAN', 'MANDALUYONG', '1-000-102453-2', 1, '2019-03-01', 0 ),
            (37, 4, '8 APAT STREET', 'PINAGKAISAHAN', 'MANDALUYONG', '1-000-102453-2', 0, '2019-03-01', 0 ),
            (38, 4, '10 APAT STREET', 'PINAGKAISAHAN', 'MANDALUYONG', '1-000-102453-2', 5, '2019-03-01', 0 ),
            (39, 4, '14 APAT STREET', 'PINAGKAISAHAN', 'MANDALUYONG', '1-000-102453-2', 4, '2019-03-01', 0 ),
            (40, 4, '13 APAT STREET', 'PINAGKAISAHAN', 'MANDALUYONG', '1-000-102453-2', 3, '2019-03-01', 0 ),
            (41, 4, '12 APAT STREET', 'PINAGKAISAHAN', 'MANDALUYONG', '1-000-102453-2', 7, '2019-03-01', 2 ),
            (42, 4, '11 APAT STREET', 'PINAGKAISAHAN', 'MANDALUYONG', '1-000-102453-2', 2, '2019-03-01', 2 ),
            (43, 4, '15 APAT STREET', 'PINAGKAISAHAN', 'MANDALUYONG', '1-000-102453-2', 2, '2019-03-01', 0 ),
            (44, 5, '4 ISANG STREET', 'PINAGKAISAHAN', 'MANDALUYONG', '1-000-102453-2', 3, '2019-03-01', 0 ),
            (45, 5, '1 ISANG STREET', 'PINAGKAISAHAN', 'MANDALUYONG', '1-000-102453-2', 2, '2019-03-01', 2 ),
            (46, 5, '7 ISANG STREET', 'PINAGKAISAHAN', 'MANDALUYONG', '1-000-102453-2', 6, '2019-03-01', 2 ),
            (47, 5, '6 ISANG STREET', 'PINAGKAISAHAN', 'MANDALUYONG', '1-000-102453-2', 2, '2019-03-01', 0 ),
            (48, 5, '9 ISANG STREET', 'PINAGKAISAHAN', 'MANDALUYONG', '1-000-102453-2', 1, '2019-03-01', 0 ),
            (49, 5, '8 ISANG STREET', 'PINAGKAISAHAN', 'MANDALUYONG', '1-000-102453-2', 0, '2019-03-01', 0 ),
            (50, 5, '10 ISANG STREET', 'PINAGKAISAHAN', 'MANDALUYONG', '1-000-102453-2', 5, '2019-03-01', 0 ),
            (51, 5, '14 ISANG STREET', 'PINAGKAISAHAN', 'MANDALUYONG', '1-000-102453-2', 4, '2019-03-01', 0 ),
            (52, 5, '13 ISANG STREET', 'PINAGKAISAHAN', 'MANDALUYONG', '1-000-102453-2', 3, '2019-03-01', 0 ),
            (53, 5, '12 ISANG STREET', 'PINAGKAISAHAN', 'MANDALUYONG', '1-000-102453-2', 7, '2019-03-01', 2 ),
            (54, 5, '11 ISANG STREET', 'PINAGKAISAHAN', 'MANDALUYONG', '1-000-102453-2', 2, '2019-03-01', 2 ),
            (55, 5, '15 ISANG STREET', 'PINAGKAISAHAN', 'MANDALUYONG', '1-000-102453-2', 2, '2019-03-01', 0 ),
            (56, 6, '2 DALAWA STREET', 'PINAGKAISAHAN', 'MANDALUYONG', '1-000-102453-2', 5, '2019-03-01', 0 ),
            (57, 6, '3 DALAWA STREET', 'PINAGKAISAHAN', 'MANDALUYONG', '1-000-102453-2', 4, '2019-03-01', 2 ),
            (58, 6, '4 DALAWA STREET', 'PINAGKAISAHAN', 'MANDALUYONG', '1-000-102453-2', 3, '2019-03-01', 0 ),
            (59, 6, '1 DALAWA STREET', 'PINAGKAISAHAN', 'MANDALUYONG', '1-000-102453-2', 2, '2019-03-01', 2 ),
            (60, 6, '7 DALAWA STREET', 'PINAGKAISAHAN', 'MANDALUYONG', '1-000-102453-2', 6, '2019-03-01', 2 ),
            (61, 6, '6 DALAWA STREET', 'PINAGKAISAHAN', 'MANDALUYONG', '1-000-102453-2', 2, '2019-03-01', 0 ),
            (62, 6, '9 DALAWA STREET', 'PINAGKAISAHAN', 'MANDALUYONG', '1-000-102453-2', 1, '2019-03-01', 0 ),
            (63, 6, '8 DALAWA STREET', 'PINAGKAISAHAN', 'MANDALUYONG', '1-000-102453-2', 0, '2019-03-01', 0 ),
            (64, 6, '10 DALAWA STREET', 'PINAGKAISAHAN', 'MANDALUYONG', '1-000-102453-2', 5, '2019-03-01', 0 ),
            (65, 6, '14 DALAWA STREET', 'PINAGKAISAHAN', 'MANDALUYONG', '1-000-102453-2', 4, '2019-03-01', 0 ),
            (66, 7, '13 TATLO STREET', 'PINAGKAISAHAN', 'MANDALUYONG', '1-000-102453-2', 3, '2019-03-01', 0 ),
            (67, 7, '12 TATLO STREET', 'PINAGKAISAHAN', 'MANDALUYONG', '1-000-102453-2', 7, '2019-03-01', 2 ),
            (68, 7, '11 TATLO STREET', 'PINAGKAISAHAN', 'MANDALUYONG', '1-000-102453-2', 2, '2019-03-01', 2 ),
            (69, 7, '15 TATLO STREET', 'PINAGKAISAHAN', 'MANDALUYONG', '1-000-102453-2', 2, '2019-03-01', 0 ),
            (70, 8, '2 TATLO STREET', 'PINAGKAISAHAN', 'MANDALUYONG', '1-000-102453-2', 5, '2019-03-01', 0 ),
            (71, 8, '3 TATLO STREET', 'PINAGKAISAHAN', 'MANDALUYONG', '1-000-102453-2', 4, '2019-03-01', 2 ),
            (72, 8, '4 TATLO STREET', 'PINAGKAISAHAN', 'MANDALUYONG', '1-000-102453-2', 3, '2019-03-01', 0 ),
            (73, 8, '1 TATLO STREET', 'PINAGKAISAHAN', 'MANDALUYONG', '1-000-102453-2', 2, '2019-03-01', 2 ),
            (74, 8, '7 TATLO STREET', 'PINAGKAISAHAN', 'MANDALUYONG', '1-000-102453-2', 6, '2019-03-01', 2 ),
            (75, 8, '6 TATLO STREET', 'PINAGKAISAHAN', 'MANDALUYONG', '1-000-102453-2', 2, '2019-03-01', 0 ),
            (76, 9, '9 APAT STREET', 'PINAGKAISAHAN', 'MANDALUYONG', '1-000-102453-2', 1, '2019-03-01', 0 ),
            (77, 9, '8 APAT STREET', 'PINAGKAISAHAN', 'MANDALUYONG', '1-000-102453-2', 0, '2019-03-01', 0 ),
            (78, 9, '10 APAT STREET', 'PINAGKAISAHAN', 'MANDALUYONG', '1-000-102453-2', 5, '2019-03-01', 0 ),
            (79, 9, '14 APAT STREET', 'PINAGKAISAHAN', 'MANDALUYONG', '1-000-102453-2', 4, '2019-03-01', 0 ),
            (80, 10, '13 APAT STREET', 'PINAGKAISAHAN', 'MANDALUYONG', '1-000-102453-2', 3, '2019-03-01', 0 ),
            (81, 10, '12 APAT STREET', 'PINAGKAISAHAN', 'MANDALUYONG', '1-000-102453-2', 7, '2019-03-01', 2 ),
            (82, 10, '11 APAT STREET', 'PINAGKAISAHAN', 'MANDALUYONG', '1-000-102453-2', 2, '2019-03-01', 2 ),
            (83, 10, '15 APAT STREET', 'PINAGKAISAHAN', 'MANDALUYONG', '1-000-102453-2', 2, '2019-03-01', 0 ),
            (84, 11, '10 ISANG STREET', 'PINAGKAISAHAN', 'MANDALUYONG', '1-000-102453-2', 5, '2019-03-01', 0 ),
            (85, 11, '14 ISANG STREET', 'PINAGKAISAHAN', 'MANDALUYONG', '1-000-102453-2', 4, '2019-03-01', 0 ),
            (86, 11, '13 ISANG STREET', 'PINAGKAISAHAN', 'MANDALUYONG', '1-000-102453-2', 3, '2019-03-01', 0 ),
            (87, 11, '12 ISANG STREET', 'PINAGKAISAHAN', 'MANDALUYONG', '1-000-102453-2', 7, '2019-03-01', 2 ),
            (88, 11, '11 ISANG STREET', 'PINAGKAISAHAN', 'MANDALUYONG', '1-000-102453-2', 2, '2019-03-01', 2 ),
            (89, 11, '15 ISANG STREET', 'PINAGKAISAHAN', 'MANDALUYONG', '1-000-102453-2', 2, '2019-03-01', 0 ),
            (90, 12, '2 DALAWA STREET', 'PINAGKAISAHAN', 'MANDALUYONG', '1-000-102453-2', 5, '2019-03-01', 0 ),
            (91, 12, '3 DALAWA STREET', 'PINAGKAISAHAN', 'MANDALUYONG', '1-000-102453-2', 4, '2019-03-01', 0 ),
            (92, 12, '4 DALAWA STREET', 'PINAGKAISAHAN', 'MANDALUYONG', '1-000-102453-2', 3, '2019-03-01', 0 ),
            (93, 12, '1 DALAWA STREET', 'PINAGKAISAHAN', 'MANDALUYONG', '1-000-102453-2', 2, '2019-03-01', 0 ),

            (94, 13, '4 ISANG STREET', 'PINAGTIPUNAN', 'MANDALUYONG', '1-000-102453-2', 3, '2019-03-01', 0 ),
            (95, 13, '1 ISANG STREET', 'PINAGTIPUNAN', 'MANDALUYONG', '1-000-102453-2', 2, '2019-03-01', 2 ),
            (96, 13, '7 ISANG STREET', 'PINAGTIPUNAN', 'MANDALUYONG', '1-000-102453-2', 6, '2019-03-01', 2 ),
            (97, 13, '6 ISANG STREET', 'PINAGTIPUNAN', 'MANDALUYONG', '1-000-102453-2', 2, '2019-03-01', 0 ),
            (98, 13, '9 ISANG STREET', 'PINAGTIPUNAN', 'MANDALUYONG', '1-000-102453-2', 1, '2019-03-01', 0 ),
            (99, 13, '8 ISANG STREET', 'PINAGTIPUNAN', 'MANDALUYONG', '1-000-102453-2', 0, '2019-03-01', 0 ),
            (100, 13, '10 ISANG STREET', 'PINAGTIPUNAN', 'MANDALUYONG', '1-000-102453-2', 5, '2019-03-01', 0 ),
            (101, 14, '14 ISANG STREET', 'PINAGTIPUNAN', 'MANDALUYONG', '1-000-102453-2', 4, '2019-03-01', 0 ),
            (102, 14, '13 ISANG STREET', 'PINAGTIPUNAN', 'MANDALUYONG', '1-000-102453-2', 3, '2019-03-01', 0 ),
            (103, 14, '12 ISANG STREET', 'PINAGTIPUNAN', 'MANDALUYONG', '1-000-102453-2', 7, '2019-03-01', 2 ),
            (104, 14, '11 ISANG STREET', 'PINAGTIPUNAN', 'MANDALUYONG', '1-000-102453-2', 2, '2019-03-01', 2 ),
            (105, 14, '15 ISANG STREET', 'PINAGTIPUNAN', 'MANDALUYONG', '1-000-102453-2', 2, '2019-03-01', 0 ),
            (106, 14, '2 DALAWA STREET', 'PINAGTIPUNAN', 'MANDALUYONG', '1-000-102453-2', 5, '2019-03-01', 0 ),
            (107, 14, '3 DALAWA STREET', 'PINAGTIPUNAN', 'MANDALUYONG', '1-000-102453-2', 4, '2019-03-01', 0 ),
            (108, 14, '4 DALAWA STREET', 'PINAGTIPUNAN', 'MANDALUYONG', '1-000-102453-2', 3, '2019-03-01', 0 ),
            (109, 14, '1 DALAWA STREET', 'PINAGTIPUNAN', 'MANDALUYONG', '1-000-102453-2', 2, '2019-03-01', 0 ),
            (120, 14, '7 DALAWA STREET', 'PINAGTIPUNAN', 'MANDALUYONG', '1-000-102453-2', 6, '2019-03-01', 0 ),
            (121, 15, '6 DALAWA STREET', 'PINAGTIPUNAN', 'MANDALUYONG', '1-000-102453-2', 2, '2019-03-01', 0 ),
            (122, 15, '9 DALAWA STREET', 'PINAGTIPUNAN', 'MANDALUYONG', '1-000-102453-2', 1, '2019-03-01', 0 ),
            (123, 15, '8 DALAWA STREET', 'PINAGTIPUNAN', 'MANDALUYONG', '1-000-102453-2', 0, '2019-03-01', 0 ),
            (124, 15, '10 DALAWA STREET', 'PINAGTIPUNAN', 'MANDALUYONG', '1-000-102453-2', 5, '2019-03-01', 0 ),
            (125, 15, '14 DALAWA STREET', 'PINAGTIPUNAN', 'MANDALUYONG', '1-000-102453-2', 4, '2019-03-01', 0 ),
            (126, 15, '13 TATLO STREET', 'PINAGTIPUNAN', 'MANDALUYONG', '1-000-102453-2', 3, '2019-03-01', 0 ),
            (127, 15, '12 TATLO STREET', 'PINAGTIPUNAN', 'MANDALUYONG', '1-000-102453-2', 7, '2019-03-01', 2 ),
            (128, 15, '11 TATLO STREET', 'PINAGTIPUNAN', 'MANDALUYONG', '1-000-102453-2', 2, '2019-03-01', 2 ),
            (129, 15, '15 TATLO STREET', 'PINAGTIPUNAN', 'MANDALUYONG', '1-000-102453-2', 2, '2019-03-01', 0 ),
            (130, 15, '2 TATLO STREET', 'PINAGTIPUNAN', 'MANDALUYONG', '1-000-102453-2', 5, '2019-03-01', 0 ),
            (131, 16, '3 TATLO STREET', 'PINAGTIPUNAN', 'MANDALUYONG', '1-000-102453-2', 4, '2019-03-01', 2 ),
            (132, 16, '4 TATLO STREET', 'PINAGTIPUNAN', 'MANDALUYONG', '1-000-102453-2', 3, '2019-03-01', 0 ),
            (133, 16, '1 TATLO STREET', 'PINAGTIPUNAN', 'MANDALUYONG', '1-000-102453-2', 2, '2019-03-01', 2 ),
            (134, 16, '7 TATLO STREET', 'PINAGTIPUNAN', 'MANDALUYONG', '1-000-102453-2', 6, '2019-03-01', 2 ),
            (135, 16, '6 TATLO STREET', 'PINAGTIPUNAN', 'MANDALUYONG', '1-000-102453-2', 2, '2019-03-01', 0 ),
            (136, 16, '9 APAT STREET', 'PINAGTIPUNAN', 'MANDALUYONG', '1-000-102453-2', 1, '2019-03-01', 0 ),
            (137, 16, '8 APAT STREET', 'PINAGTIPUNAN', 'MANDALUYONG', '1-000-102453-2', 0, '2019-03-01', 0 ),
            (138, 16, '10 APAT STREET', 'PINAGTIPUNAN', 'MANDALUYONG', '1-000-102453-2', 5, '2019-03-01', 0 ),
            (139, 16, '14 APAT STREET', 'PINAGTIPUNAN', 'MANDALUYONG', '1-000-102453-2', 4, '2019-03-01', 0 ),
            (140, 16, '13 APAT STREET', 'PINAGTIPUNAN', 'MANDALUYONG', '1-000-102453-2', 3, '2019-03-01', 0 ),
            (141, 17, '12 APAT STREET', 'PINAGTIPUNAN', 'MANDALUYONG', '1-000-102453-2', 7, '2019-03-01', 2 ),
            (142, 17, '11 APAT STREET', 'PINAGTIPUNAN', 'MANDALUYONG', '1-000-102453-2', 2, '2019-03-01', 2 ),
            (143, 17, '15 APAT STREET', 'PINAGTIPUNAN', 'MANDALUYONG', '1-000-102453-2', 2, '2019-03-01', 0 ),
            (144, 17, '4 ISANG STREET', 'PINAGTIPUNAN', 'MANDALUYONG', '1-000-102453-2', 3, '2019-03-01', 0 ),
            (145, 17, '1 ISANG STREET', 'PINAGTIPUNAN', 'MANDALUYONG', '1-000-102453-2', 2, '2019-03-01', 2 ),
            (146, 17, '7 ISANG STREET', 'PINAGTIPUNAN', 'MANDALUYONG', '1-000-102453-2', 6, '2019-03-01', 2 ),
            (147, 17, '6 ISANG STREET', 'PINAGTIPUNAN', 'MANDALUYONG', '1-000-102453-2', 2, '2019-03-01', 0 ),
            (148, 17, '9 ISANG STREET', 'PINAGTIPUNAN', 'MANDALUYONG', '1-000-102453-2', 1, '2019-03-01', 0 ),
            (149, 17, '8 ISANG STREET', 'PINAGTIPUNAN', 'MANDALUYONG', '1-000-102453-2', 0, '2019-03-01', 0 ),
            (150, 17, '10 ISANG STREET', 'PINAGTIPUNAN', 'MANDALUYONG', '1-000-102453-2', 5, '2019-03-01', 0 ),
            (151, 18, '14 ISANG STREET', 'PINAGTIPUNAN', 'MANDALUYONG', '1-000-102453-2', 4, '2019-03-01', 0 ),
            (152, 18, '13 ISANG STREET', 'PINAGTIPUNAN', 'MANDALUYONG', '1-000-102453-2', 3, '2019-03-01', 0 ),
            (153, 18, '12 ISANG STREET', 'PINAGTIPUNAN', 'MANDALUYONG', '1-000-102453-2', 7, '2019-03-01', 2 ),
            (154, 18, '11 ISANG STREET', 'PINAGTIPUNAN', 'MANDALUYONG', '1-000-102453-2', 2, '2019-03-01', 2 ),
            (155, 18, '15 ISANG STREET', 'PINAGTIPUNAN', 'MANDALUYONG', '1-000-102453-2', 2, '2019-03-01', 0 ),
            (156, 18, '2 DALAWA STREET', 'PINAGTIPUNAN', 'MANDALUYONG', '1-000-102453-2', 5, '2019-03-01', 0 ),
            (157, 18, '3 DALAWA STREET', 'PINAGTIPUNAN', 'MANDALUYONG', '1-000-102453-2', 4, '2019-03-01', 2 ),
            (158, 18, '4 DALAWA STREET', 'PINAGTIPUNAN', 'MANDALUYONG', '1-000-102453-2', 3, '2019-03-01', 0 ),
            (159, 18, '1 DALAWA STREET', 'PINAGTIPUNAN', 'MANDALUYONG', '1-000-102453-2', 2, '2019-03-01', 2 ),
            (160, 18, '7 DALAWA STREET', 'PINAGTIPUNAN', 'MANDALUYONG', '1-000-102453-2', 6, '2019-03-01', 2 ),
            (161, 19, '6 DALAWA STREET', 'PINAGTIPUNAN', 'MANDALUYONG', '1-000-102453-2', 2, '2019-03-01', 0 ),
            (162, 19, '9 DALAWA STREET', 'PINAGTIPUNAN', 'MANDALUYONG', '1-000-102453-2', 1, '2019-03-01', 0 ),
            (163, 19, '8 DALAWA STREET', 'PINAGTIPUNAN', 'MANDALUYONG', '1-000-102453-2', 0, '2019-03-01', 0 ),
            (164, 19, '10 DALAWA STREET', 'PINAGTIPUNAN', 'MANDALUYONG', '1-000-102453-2', 5, '2019-03-01', 0 ),
            (165, 19, '14 DALAWA STREET', 'PINAGTIPUNAN', 'MANDALUYONG', '1-000-102453-2', 4, '2019-03-01', 0 ),
            (166, 19, '13 TATLO STREET', 'PINAGTIPUNAN', 'MANDALUYONG', '1-000-102453-2', 3, '2019-03-01', 0 ),
            (167, 19, '12 TATLO STREET', 'PINAGTIPUNAN', 'MANDALUYONG', '1-000-102453-2', 7, '2019-03-01', 2 ),
            (168, 19, '11 TATLO STREET', 'PINAGTIPUNAN', 'MANDALUYONG', '1-000-102453-2', 2, '2019-03-01', 2 ),
            (169, 19, '15 TATLO STREET', 'PINAGTIPUNAN', 'MANDALUYONG', '1-000-102453-2', 2, '2019-03-01', 0 ),
            (170, 20, '2 TATLO STREET', 'PINAGTIPUNAN', 'MANDALUYONG', '1-000-102453-2', 5, '2019-03-01', 0 ),
            (171, 20, '3 TATLO STREET', 'PINAGTIPUNAN', 'MANDALUYONG', '1-000-102453-2', 4, '2019-03-01', 2 ),
            (172, 20, '4 TATLO STREET', 'PINAGTIPUNAN', 'MANDALUYONG', '1-000-102453-2', 3, '2019-03-01', 0 ),
            (173, 20, '1 TATLO STREET', 'PINAGTIPUNAN', 'MANDALUYONG', '1-000-102453-2', 2, '2019-03-01', 2 ),
            (174, 20, '7 TATLO STREET', 'PINAGTIPUNAN', 'MANDALUYONG', '1-000-102453-2', 6, '2019-03-01', 2 ),
            (175, 20, '6 TATLO STREET', 'PINAGTIPUNAN', 'MANDALUYONG', '1-000-102453-2', 2, '2019-03-01', 0 ),
            (176, 20, '9 APAT STREET', 'PINAGTIPUNAN', 'MANDALUYONG', '1-000-102453-2', 1, '2019-03-01', 0 ),
            (177, 20, '8 APAT STREET', 'PINAGTIPUNAN', 'MANDALUYONG', '1-000-102453-2', 0, '2019-03-01', 0 ),
            (178, 20, '10 APAT STREET', 'PINAGTIPUNAN', 'MANDALUYONG', '1-000-102453-2', 5, '2019-03-01', 0 ),
            (179, 20, '14 APAT STREET', 'PINAGTIPUNAN', 'MANDALUYONG', '1-000-102453-2', 4, '2019-03-01', 0 ),
            (180, 20, '13 APAT STREET', 'PINAGTIPUNAN', 'MANDALUYONG', '1-000-102453-2', 3, '2019-03-01', 0 ),
            (181, 21, '12 APAT STREET', 'PINAGTIPUNAN', 'MANDALUYONG', '1-000-102453-2', 7, '2019-03-01', 2 ),
            (182, 21, '11 APAT STREET', 'PINAGTIPUNAN', 'MANDALUYONG', '1-000-102453-2', 2, '2019-03-01', 2 ),
            (183, 21, '15 APAT STREET', 'PINAGTIPUNAN', 'MANDALUYONG', '1-000-102453-2', 2, '2019-03-01', 0 ),
            (184, 21, '10 ISANG STREET', 'PINAGTIPUNAN', 'MANDALUYONG', '1-000-102453-2', 5, '2019-03-01', 0 ),
            (185, 21, '14 ISANG STREET', 'PINAGTIPUNAN', 'MANDALUYONG', '1-000-102453-2', 4, '2019-03-01', 0 ),
            (186, 21, '13 ISANG STREET', 'PINAGTIPUNAN', 'MANDALUYONG', '1-000-102453-2', 3, '2019-03-01', 0 ),
            (187, 21, '12 ISANG STREET', 'PINAGTIPUNAN', 'MANDALUYONG', '1-000-102453-2', 7, '2019-03-01', 2 ),
            (188, 21, '11 ISANG STREET', 'PINAGTIPUNAN', 'MANDALUYONG', '1-000-102453-2', 2, '2019-03-01', 2 ),
            (189, 21, '15 ISANG STREET', 'PINAGTIPUNAN', 'MANDALUYONG', '1-000-102453-2', 2, '2019-03-01', 0 ),
            (190, 22, '2 DALAWA STREET', 'PINAGTIPUNAN', 'MANDALUYONG', '1-000-102453-2', 5, '2019-03-01', 0 ),
            (191, 22, '3 DALAWA STREET', 'PINAGTIPUNAN', 'MANDALUYONG', '1-000-102453-2', 4, '2019-03-01', 0 ),
            (192, 22, '4 DALAWA STREET', 'PINAGTIPUNAN', 'MANDALUYONG', '1-000-102453-2', 3, '2019-03-01', 0 ),
            (193, 22, '1 DALAWA STREET', 'PINAGTIPUNAN', 'MANDALUYONG', '1-000-102453-2', 2, '2019-03-01', 0 ) 
;

SELECT "Populating Individuals" AS MESSAGE;

--
-- Dumping data for table `individual`
--

INSERT INTO rpfp.`individual`
            (`INDV_ID`,
            `COUPLES_ID`,
            `LNAME`,
            `FNAME`,
            `MNAME`,
            `EXT_NAME`,
            `AGE`,
            `SEX`,
            `BDATE`,
            `CIVIL_ID`,
            `EDUC_BCKGRND_ID`,
            `IS_ATTENDEE`)
     VALUES (1, 1, 'Simon',        'Anna Margarette',  '', '', 36,       2,        '1984-02-07', 1, 8, 1 ),
            (2, 1, 'Simon',        'Carl Edward',      '', '', 38,       1,        '1981-09-09', 1, 8, 1 ),
            (3, 2, 'Alcantara',    'Gusion',           '', '', 30,       1,        '1989-01-07', 1, 7, 1 ),
            (4, 2, 'Alcantara',    'Gueneverre',       '', '', 30,       2,        '1989-12-09', 1, 6, 1 ),
            (5, 3, 'Moral',        'Claude Vincent',   '', '', 28,       1,        '1991-05-07', 1, 5, 1 ),
            (6, 3, 'Moral',        'Esmeralda',        '', '', 30,       2,        '1989-06-09', 1, 6, 1 ),
            (7, 4, 'Broquez',      'Lancelot',         '', '', 34,       1,        '1985-04-07', 1, 6, 1 ),
            (8, 4, 'Broquez',      'Odette',           '', '', 31,       2,        '1988-10-09', 1, 6, 1 ),
            (9, 5, 'Cervantes',    'Alucard',          '', '', 27,       1,        '1992-11-07', 1, 7, 1 ),
            (10, 5, 'Cervantes',   'Layla',            '', '', 25,       2,        '1994-12-09', 1, 8, 1 ),
            (11, 6, 'Montana',     'Hanabi',           '', '', 28,       2,        '1991-07-07', 1, 9, 1 ),
            (12, 6, 'Montana',     'Leo',              '', '', 28,       1,        '1991-08-09', 1, 8, 1 ),
            (13, 7, 'Rodriguez',   'Ruby',             '', '', 49,       2,        '1970-03-07', 1, 7, 1 ),
            (14, 7, 'Rodriguez',   'Clint',            '', '', 47,       1,        '1972-03-09', 1, 7, 1 ),
            (15, 8, 'Fargas',      'Bruno',            '', '', 50,       1,        '1970-03-07', 1, 4, 1 ),
            (16, 8, 'Fargas',      'Lesley',           '', '', 50,       2,        '1972-03-09', 1, 5, 0 ),
            (17, 9, 'Gonzaga',     'Alice',            '', '', 25,       2,        '1994-06-07', 5, 5, 1 ),
            (18, 9, 'Vargas',      'Alexander',        '', '', 29,       1,        '1990-08-07', 5, 3, 0 ),
            (19, 10, 'Halili',     'Miya',             '', '', 30,       2,        '1989-04-07', 5, 5, 1 ),
            (20, 10, 'Reyes',      'Miguel',           '', '', 30,       1,        '1989-01-07', 5, 5, 0 ),
            (21, 11, 'Gomez',      'Selena',           '', '', 21,       2,        '1998-11-05', 2, 8, 1 ),
            (22, 12, 'Isip',       'Angela',           '', '', 18,       2,        '2001-10-10', 2, 7, 1 ),
            (23, 13, 'Jimenez',    'Lylia',            '', '', 14,       2,        '2005-09-19', 2, 4, 1 ),
            (24, 14, 'Coronel',    'Hilda',            '', '', 47,       2,        '1972-02-02', 3, 7, 1 ),
            (25, 15, 'Lopez',      'Karina',           '', '', 40,       2,        '1979-12-10', 4, 8, 1 ),
            (26, 16, 'Aldana',      'Alejandro',      '', '', 38,       1,        '1981-09-09', 1, 8, 1 ),
            (27, 17, 'Aragon',  'Bayani',           '', '', 30,       1,        '1989-01-07', 1, 7, 1 ),
            (28, 17, 'Aragon',  'Rosamie',       '', '', 30,       2,        '1989-12-09', 1, 6, 1 ),
            (29, 18, 'Bautista',      'Crisanto',   '', '', 28,       1,        '1991-05-07', 1, 5, 1 ),
            (30, 18, 'Bautista',      'Jasmine',        '', '', 30,       2,        '1989-06-09', 1, 6, 1 ),
            (31, 19, 'Borbon',    'Vedasto',         '', '', 34,       1,        '1985-04-07', 1, 6, 1 ),
            (32, 19, 'Borbon',    'Blessica',           '', '', 31,       2,        '1988-10-09', 1, 6, 1 ),
            (33, 20, 'Calalang',  'Joselito',          '', '', 27,       1,        '1992-11-07', 1, 7, 1 ),
            (34, 20, 'Calalang',  'Tala',            '', '', 25,       2,        '1994-12-09', 1, 8, 1 ),
            (35, 21, 'Celestial',    'Jaslene',           '', '', 28,       2,        '1991-07-07', 1, 9, 1 ),
            (36, 21, 'Celestial',    'Rizalino',              '', '', 28,       1,        '1991-08-09', 1, 8, 1 ),
            (37, 22, 'Diaz',  'Benilda',             '', '', 49,       2,        '1970-03-07', 1, 7, 1 ),
            (38, 22, 'Diaz',  'Ernesto',            '', '', 47,       1,        '1972-03-09', 1, 7, 1 ),
            (39, 23, 'Duran',     'Keanu',            '', '', 50,       1,        '1970-03-07', 1, 4, 1 ),
            (40, 23, 'Duran',     'Floribeth',           '', '', 50,       2,        '1972-03-09', 1, 5, 0 ),
            (41, 24, 'Espina',    'Chesa',            '', '', 25,       2,        '1994-06-07', 5, 5, 1 ),
            (42, 25, 'Flores',     'Vergel',        '', '', 29,       1,        '1990-08-07', 5, 3, 0 ),
            (43, 26, 'Gopez',     'Marisol',             '', '', 30,       2,        '1989-04-07', 5, 5, 1 ),
            (44, 27, 'Hipolito',      'Antonio',           '', '', 30,       1,        '1989-01-07', 5, 5, 0 ),
            (45, 28, 'Isidro',      'Liezel',           '', '', 21,       2,        '1998-11-05', 2, 8, 1 ),
            (46, 29, 'Labrador',       'Luzviminda',           '', '', 18,       2,        '2001-10-10', 2, 7, 1 ),
            (47, 30, 'Liwanag',    'Nenita',            '', '', 14,       2,        '2005-09-19', 2, 4, 1 ),
            (48, 31, 'Magallanes',    'Rubylyn',            '', '', 47,       2,        '1972-02-02', 3, 7, 1 ),
            (49, 32, 'Manzano',      'Luningning',           '', '', 40,       2,        '1979-12-10', 4, 8, 1 ),
            (50, 33, 'Moreno',      'Juan',   '', '', 28,       1,        '1991-05-07', 1, 5, 1 ),
            (51, 33, 'Moreno',      'Lualhati',        '', '', 30,       2,        '1989-06-09', 1, 6, 1 ),
            (52, 34, 'Natividad',    'Rodrigo',         '', '', 34,       1,        '1985-04-07', 1, 6, 1 ),
            (53, 34, 'Natividad',    'Amor',           '', '', 31,       2,        '1988-10-09', 1, 6, 1 ),
            (54, 35, 'Oliveros',  'Efren',          '', '', 27,       1,        '1992-11-07', 1, 7, 1 ),
            (55, 35, 'Oliveros',  'Perlah',            '', '', 25,       2,        '1994-12-09', 1, 8, 1 ),
            (56, 36, 'Pascua',    'Reyna',           '', '', 28,       2,        '1991-07-07', 1, 9, 1 ),
            (57, 36, 'Pascua',    'Mauricio',              '', '', 28,       1,        '1991-08-09', 1, 8, 1 ),
            (58, 37, 'Posadas',  'Sampaguita',             '', '', 49,       2,        '1970-03-07', 1, 7, 1 ),
            (59, 37, 'Posadas',  'Fernandez',            '', '', 47,       1,        '1972-03-09', 1, 7, 1 ),
            (60, 38, 'Ricarte',     'Venancio',            '', '', 50,       1,        '1970-03-07', 1, 4, 1 ),
            (61, 38, 'Ricarte',     'Mahalia',           '', '', 50,       2,        '1972-03-09', 1, 5, 0 ),
            (62, 39, 'Rosario',    'Darna',            '', '', 25,       2,        '1994-06-07', 5, 5, 1 ),
            (63, 40, 'Soledad',     'Melchor',        '', '', 29,       1,        '1990-08-07', 5, 3, 0 ),
            (64, 41, 'Sangcap',     'Barbara',             '', '', 30,       2,        '1989-04-07', 5, 5, 1 ),
            (65, 42, 'Tizon',      'Danilo',           '', '', 30,       1,        '1989-01-07', 5, 5, 0 ),
            (66, 43, 'Abes',      'Charlene',           '', '', 21,       2,        '1998-11-05', 2, 8, 1 ),
            (67, 44, 'Abuque',  'Daniel',           '', '', 30,       1,        '1989-01-07', 1, 7, 1 ),
            (68, 44, 'Abuque',  'Celine',       '', '', 30,       2,        '1989-12-09', 1, 6, 1 ),
            (69, 45, 'Adlawan',      'Joshua',   '', '', 28,       1,        '1991-05-07', 1, 5, 1 ),
            (70, 45, 'Adlawan',      'Ciara',        '', '', 30,       2,        '1989-06-09', 1, 6, 1 ),
            (71, 46, 'Agbuya',    'Gabriel',         '', '', 34,       1,        '1985-04-07', 1, 6, 1 ),
            (72, 46, 'Agbuya',    'Consuelo',           '', '', 31,       2,        '1988-10-09', 1, 6, 1 ),
            (73, 47, 'Agcaoili',  'Nathaniel',          '', '', 27,       1,        '1992-11-07', 1, 7, 1 ),
            (74, 47, 'Agcaoili',  'Cristina',            '', '', 25,       2,        '1994-12-09', 1, 8, 1 ),
            (75, 48, 'Alcomendras',    'Beverly',           '', '', 28,       2,        '1991-07-07', 1, 9, 1 ),
            (76, 48, 'Alcomendras',    'John Mark',              '', '', 28,       1,        '1991-08-09', 1, 8, 1 ),
            (77, 49, 'Alvarez',  'Bernadette',             '', '', 49,       2,        '1970-03-07', 1, 7, 1 ),
            (78, 49, 'Alvarez',  'James',            '', '', 47,       1,        '1972-03-09', 1, 7, 1 ),
            (79, 50, 'Ambong',     'Francis',            '', '', 50,       1,        '1970-03-07', 1, 4, 1 ),
            (80, 50, 'Ambong',     'Beatrice',           '', '', 50,       2,        '1972-03-09', 1, 5, 0 ),
            (81, 51, 'Baccay',    'Barbara',            '', '', 25,       2,        '1994-06-07', 5, 5, 1 ),
            (82, 52, 'Bagatsing',     'Jacob',        '', '', 29,       1,        '1990-08-07', 5, 3, 0 ),
            (83, 53, 'Balingit',     'Aurora',             '', '', 30,       2,        '1989-04-07', 5, 5, 1 ),
            (84, 54, 'Banal',      'Christian',           '', '', 30,       1,        '1989-01-07', 5, 5, 0 ),
            (85, 55, 'Barte',      'April',           '', '', 21,       2,        '1998-11-05', 2, 8, 1 ),
            (86, 56, 'Basa',       'Annie',           '', '', 18,       2,        '2001-10-10', 2, 7, 1 ),
            (87, 57, 'Bauzon',    'Annette',            '', '', 14,       2,        '2005-09-19', 2, 4, 1 ),
            (88, 58, 'Bulan',    'Annabel',            '', '', 47,       2,        '1972-02-02', 3, 7, 1 ),
            (89, 59, 'Cabatuan',      'Anita',           '', '', 40,       2,        '1979-12-10', 4, 8, 1 ),
            (90, 60, 'Calinao',      'Amado',   '', '', 28,       1,        '1991-05-07', 1, 5, 1 ),
            (91, 60, 'Calinao',      'Angelie',        '', '', 30,       2,        '1989-06-09', 1, 6, 1 ),
            (92, 61, 'Canuto',    'Modesto',         '', '', 34,       1,        '1985-04-07', 1, 6, 1 ),
            (93, 61, 'Canuto',    'Mutya',           '', '', 31,       2,        '1988-10-09', 1, 6, 1 ),
            (94, 62, 'Capili',  'Macario',          '', '', 27,       1,        '1992-11-07', 1, 7, 1 ),
            (95, 62, 'Capili',  'Martha',            '', '', 25,       2,        '1994-12-09', 1, 8, 1 ),
            (96, 63, 'Catacutan',    'Manuela',           '', '', 28,       2,        '1991-07-07', 1, 9, 1 ),
            (97, 63, 'Catacutan',    'Marcelino',              '', '', 28,       1,        '1991-08-09', 1, 8, 1 ),
            (98, 64, 'Chavez',  'Margarita',             '', '', 49,       2,        '1970-03-07', 1, 7, 1 ),
            (99, 64, 'Chavez',  'Marcus',            '', '', 47,       1,        '1972-03-09', 1, 7, 1 ),
            (100, 65, 'Concepcion',     'Mariano',            '', '', 50,       1,        '1970-03-07', 1, 4, 1 ),
            (101, 65, 'Concepcion',     'Marian',           '', '', 50,       2,        '1972-03-09', 1, 5, 0 ),
            (102, 66, 'Dagohoy',    'Marie',            '', '', 25,       2,        '1994-06-07', 5, 5, 1 ),
            (103, 67, 'De Guzman',     'Mario',        '', '', 29,       1,        '1990-08-07', 5, 3, 0 ),
            (104, 68, 'Del Rosario',     'Marissa',             '', '', 30,       2,        '1989-04-07', 5, 5, 1 ),
            (105, 69, 'Del Valle',      'Marlon',           '', '', 30,       1,        '1989-01-07', 5, 5, 0 ),
            (106, 70, 'Dimarucut',      'Mabel',           '', '', 21,       2,        '1998-11-05', 2, 8, 1 ),
            (107, 71, 'Abinsay',    'Martin',         '', '', 34,       1,        '1985-04-07', 1, 6, 1 ),
            (108, 71, 'Abinsay',    'Martina',           '', '', 31,       2,        '1988-10-09', 1, 6, 1 ),
            (109, 72, 'Abot',  'Marvin',          '', '', 27,       1,        '1992-11-07', 1, 7, 1 ),
            (110, 72, 'Abot',  'Maurice',            '', '', 25,       2,        '1994-12-09', 1, 8, 1 ),
            (111, 73, 'Abuan',    'Maxima',           '', '', 28,       2,        '1991-07-07', 1, 9, 1 ),
            (112, 73, 'Abuan',    'Maynard',              '', '', 28,       1,        '1991-08-09', 1, 8, 1 ),
            (113, 74, 'Agas',  'Salome',             '', '', 49,       2,        '1970-03-07', 1, 7, 1 ),
            (114, 74, 'Agas',  'Salvador',            '', '', 47,       1,        '1972-03-09', 1, 7, 1 ),
            (115, 75, 'Agonoy',     'Sammy',            '', '', 50,       1,        '1970-03-07', 1, 4, 1 ),
            (116, 75, 'Agonoy',     'Samantha',           '', '', 50,       2,        '1972-03-09', 1, 5, 0 ),
            (117, 76, 'Alambat',    'Sandra',            '', '', 25,       2,        '1994-06-07', 5, 5, 1 ),
            (118, 77, 'Alday',     'Samson',        '', '', 29,       1,        '1990-08-07', 5, 3, 0 ),
            (119, 78, 'Alonto',     'Serena',             '', '', 30,       2,        '1989-04-07', 5, 5, 1 ),
            (120, 79, 'Ambulo',      'Sergio',           '', '', 30,       1,        '1989-01-07', 5, 5, 0 ),
            (121, 80, 'Ampong',      'Sheila',           '', '', 21,       2,        '1998-11-05', 2, 8, 1 ),
            (122, 81, 'Antalan',    'Sheldon',         '', '', 34,       1,        '1985-04-07', 1, 6, 1 ),
            (123, 81, 'Antalan',    'Shelley',           '', '', 31,       2,        '1988-10-09', 1, 6, 1 ),
            (124, 82, 'Bagasbas',  'Socrates',          '', '', 27,       1,        '1992-11-07', 1, 7, 1 ),
            (125, 82, 'Bagasbas',  'Socorro',            '', '', 25,       2,        '1994-12-09', 1, 8, 1 ),
            (126, 83, 'Balaba',    'Soraya',           '', '', 28,       2,        '1991-07-07', 1, 9, 1 ),
            (127, 83, 'Balaba',    'Spencer',              '', '', 28,       1,        '1991-08-09', 1, 8, 1 ),
            (128, 84, 'Cervantes',    'Alucard',          '', '', 27,       1,        '1992-11-07', 1, 7, 1 ),
            (129, 84, 'Cervantes',   'Layla',            '', '', 25,       2,        '1994-12-09', 1, 8, 1 ),
            (130, 85, 'Montana',     'Hanabi',           '', '', 28,       2,        '1991-07-07', 1, 9, 1 ),
            (131, 85, 'Montana',     'Leo',              '', '', 28,       1,        '1991-08-09', 1, 8, 1 ),
            (132, 86, 'Rodriguez',   'Ruby',             '', '', 49,       2,        '1970-03-07', 1, 7, 1 ),
            (133, 86, 'Rodriguez',   'Clint',            '', '', 47,       1,        '1972-03-09', 1, 7, 1 ),
            (134, 87, 'Fargas',      'Bruno',            '', '', 50,       1,        '1970-03-07', 1, 4, 1 ),
            (135, 87, 'Fargas',      'Lesley',           '', '', 50,       2,        '1972-03-09', 1, 5, 0 ),
            (136, 88, 'Gonzaga',     'Alice',            '', '', 25,       2,        '1994-06-07', 5, 5, 1 ),
            (137, 88, 'Vargas',      'Alexander',        '', '', 29,       1,        '1990-08-07', 5, 3, 0 ),
            (138, 89, 'Halili',     'Miya',             '', '', 30,       2,        '1989-04-07', 5, 5, 1 ),
            (239, 89, 'Reyes',      'Miguel',           '', '', 30,       1,        '1989-01-07', 5, 5, 0 ),
            (240, 90, 'Gomez',      'Selena',           '', '', 21,       2,        '1998-11-05', 2, 8, 1 ),
            (241, 91, 'Isip',       'Angela',           '', '', 18,       2,        '2001-10-10', 2, 7, 1 ),
            (242, 92, 'Jimenez',    'Lylia',            '', '', 14,       2,        '2005-09-19', 2, 4, 1 ),
            (243, 93, 'Coronel',    'Hilda',            '', '', 47,       2,        '1972-02-02', 3, 7, 1 ),
            (244, 93, 'Lopez',      'Karina',           '', '', 40,       2,        '1979-12-10', 4, 8, 1 ),

            (247, 94, 'Baroquez',      'Lance',         '', '', 32,       1,        '1988-04-07', 1, 6, 1 ),
            (248, 94, 'Baroquez',      'Rosette',           '', '', 33,       2,        '1987-10-09', 1, 6, 1 ),
            (249, 95, 'Cervanto',    'Alfredo',          '', '', 30,       1,        '1990-11-07', 1, 7, 1 ),
            (250, 95, 'Cervanto',   'Lavina',            '', '', 30,       2,        '1990-12-09', 1, 8, 1 ),
            (251, 96, 'Montano',     'Hannah',           '', '', 30,       2,        '1990-07-07', 1, 9, 1 ),
            (252, 96, 'Montano',     'Leon',              '', '', 30,       1,        '1990-08-09', 1, 8, 1 ),
            (253, 97, 'Rodrigo',   'Rubina',             '', '', 41,       2,        '1979-03-07', 1, 7, 1 ),
            (254, 97, 'Rodrigo',   'Clinton',            '', '', 41,       1,        '1979-03-09', 1, 7, 1 ),
            (255, 98, 'Fargasa',      'Bruce',            '', '', 42,       1,        '1978-03-07', 1, 4, 1 ),
            (256, 98, 'Fargasa',      'Lelette',           '', '', 45,       2,        '1975-03-09', 1, 5, 0 ),
            (257, 99, 'Gonzago',     'Alicia',            '', '', 29,       2,        '1991-06-07', 5, 5, 1 ),
            (258, 99, 'Vargasa',      'Alex',        '', '', 29,       1,        '1991-08-07', 5, 3, 0 ),
            (259, 100, 'Halil',     'Miyabel',             '', '', 35,       2,        '1985-04-07', 5, 5, 1 ),
            (260, 100, 'Reyesa',      'Miguelito',           '', '', 35,       1,        '1985-01-07', 5, 5, 0 ),
            (261, 101, 'Gomezo',      'Selene',           '', '', 25,       2,        '1995-11-05', 2, 8, 1 ),
            (262, 102, 'Isipa',       'Angelica',           '', '', 20,       2,        '2000-10-10', 2, 7, 1 ),
            (263, 103, 'Jimeneza',    'Lyliana',            '', '', 20,       2,        '2000-09-19', 2, 4, 1 ),
            (264, 104, 'Coronelo',    'Bruhilda',            '', '', 42,       2,        '1978-02-02', 3, 7, 1 ),
            (265, 105, 'Lopezo',      'Karen',           '', '', 43,       2,        '1977-12-10', 4, 8, 1 ),
            (266, 106, 'Aldano',      'Alejandrio',      '', '', 35,       1,        '1985-09-09', 1, 8, 1 ),
            (267, 107, 'Aragona',  'Bayanihan',           '', '', 31,       1,        '1988-01-07', 1, 7, 1 ),
            (268, 107, 'Aragona',  'Rosamine',       '', '', 32,       2,        '1987-12-09', 1, 6, 1 ),
            (269, 108, 'Bautisto',      'Crisantito',   '', '', 30,       1,        '1990-05-07', 1, 5, 1 ),
            (270, 108, 'Bautisto',      'Jasmina',        '', '', 35,       2,        '1985-06-09', 1, 6, 1 ),
            (271, 109, 'Borbona',    'Vedastoco',         '', '', 32,       1,        '1987-04-07', 1, 6, 1 ),
            (272, 109, 'Borbona',    'Blessy',           '', '', 31,       2,        '1989-10-09', 1, 6, 1 ),
            (273, 120, 'Calalong',  'Jose Lito',          '', '', 29,       1,        '1991-11-07', 1, 7, 1 ),
            (274, 120, 'Calalong',  'Talata',            '', '', 30,       2,        '1990-12-09', 1, 8, 1 ),
            (275, 121, 'Celeste',    'Jaslenne',           '', '', 28,       2,        '1992-07-07', 1, 9, 1 ),
            (276, 121, 'Celeste',    'Rizal',              '', '', 30,       1,        '1990-08-09', 1, 8, 1 ),
            (277, 122, 'De Diaz',  'Benildina',             '', '', 45,       2,        '1975-03-07', 1, 7, 1 ),
            (278, 122, 'De Diaz',  'Hernesto',            '', '', 41,       1,        '1979-03-09', 1, 7, 1 ),
            (279, 123, 'Durano',     'Keenno',            '', '', 41,       1,        '1979-03-07', 1, 4, 1 ),
            (280, 123, 'Durano',     'Flor Beth',           '', '', 42,       2,        '1978-03-09', 1, 5, 0 ),
            (281, 124, 'Espino',    'Cheska',            '', '', 29,       2,        '1991-06-07', 5, 5, 1 ),
            (282, 125, 'Floreso',     'Vergel Ian',        '', '', 29,       1,        '1991-08-07', 5, 3, 0 ),
            (283, 126, 'Gopezo',     'Marisola',             '', '', 32,       2,        '1987-04-07', 5, 5, 1 ),
            (284, 127, 'Hipolita',      'Anton',           '', '', 32,       1,        '1987-01-07', 5, 5, 0 ),
            (285, 128, 'Del Isidro',      'Liezellette',           '', '', 25,       2,        '1995-11-05', 2, 8, 1 ),
            (286, 129, 'El Labrador',       'Luz Viminda',           '', '', 20,       2,        '2000-10-10', 2, 7, 1 ),
            (287, 130, 'Maliwanag',    'Nenna',            '', '', 18,       2,        '2002-09-19', 2, 4, 1 ),
            (288, 131, 'Magallano',    'Rubylina',            '', '', 45,       2,        '1975-02-02', 3, 7, 1 ),
            (289, 132, 'Manzana',      'Luning',           '', '', 45,       2,        '1975-12-10', 4, 8, 1 ),
            (290, 133, 'Morena',      'Juanito',   '', '', 30,       1,        '1990-05-07', 1, 5, 1 ),
            (291, 133, 'Morena',      'Lualkalahati',        '', '', 35,       2,        '1985-06-09', 1, 6, 1 ),
            (292, 134, 'De Natividad',    'Rody',         '', '', 32,       1,        '1987-04-07', 1, 6, 1 ),
            (293, 134, 'De Natividad',    'Amorsola',           '', '', 35,       2,        '1985-10-09', 1, 6, 1 ),
            (294, 135, 'Olivera',  'Efren Bata',          '', '', 30,       1,        '1990-11-07', 1, 7, 1 ),
            (295, 135, 'Olivera',  'Perlitah',            '', '', 29,       2,        '1991-12-09', 1, 8, 1 ),
            (296, 136, 'Del Pascua',    'Reyna Josefa',           '', '', 30,       2,        '1990-07-07', 1, 9, 1 ),
            (297, 136, 'Del Pascua',    'Mario',              '', '', 30,       1,        '1990-08-09', 1, 8, 1 ),
            (298, 137, 'Posado',  'Santa Guita',             '', '', 45,       2,        '1975-03-07', 1, 7, 1 ),
            (299, 137, 'Posado',  'Fernando',            '', '', 42,       1,        '1978-03-09', 1, 7, 1 ),
            (300, 138, 'Ricarta',     'Venancico',            '', '', 45,       1,        '1975-03-07', 1, 4, 1 ),
            (301, 138, 'Ricarta',     'Muralia',           '', '', 42,       2,        '1978-03-09', 1, 5, 0 ),
            (302, 139, 'Del Rosario',    'Darna Ang Bato',            '', '', 30,       2,        '1990-06-07', 5, 5, 1 ),
            (303, 140, 'La Soledad',     'Basilio',        '', '', 29,       1,        '1991-08-07', 5, 3, 0 ),
            (304, 141, 'Sangcapan',     'Barbie',             '', '', 35,       2,        '1985-04-07', 5, 5, 1 ),
            (305, 142, 'Del Tizon',      'Danielo',           '', '', 32,       1,        '1987-01-07', 5, 5, 0 ),
            (306, 143, 'Abesa',      'Charlenne',           '', '', 26,       2,        '1994-11-05', 2, 8, 1 ),
            (307, 144, 'El Abuque',  'Danie',           '', '', 36,       1,        '1984-01-07', 1, 7, 1 ),
            (308, 144, 'El Abuque',  'Celina',       '', '', 36,       2,        '1984-12-09', 1, 6, 1 ),
            (309, 145, 'Adlawano',      'Josh',   '', '', 30,       1,        '1990-05-07', 1, 5, 1 ),
            (310, 145, 'Adlawano',      'Chara',        '', '', 35,       2,        '1985-06-09', 1, 6, 1 ),
            (311, 146, 'Agbuyawan',    'Gabrielo',         '', '', 36,       1,        '1984-04-07', 1, 6, 1 ),
            (312, 146, 'Agbuyawan',    'Consuela',           '', '', 35,       2,        '1985-10-09', 1, 6, 1 ),
            (313, 147, 'Agcao',  'Nathane',          '', '', 30,       1,        '1990-11-07', 1, 7, 1 ),
            (314, 147, 'Agcao',  'Cristin',            '', '', 30,       2,        '1990-12-09', 1, 8, 1 ),
            (315, 148, 'Alcomendra',    'Beverly Hills',           '', '', 30,       2,        '1990-07-07', 1, 9, 1 ),
            (316, 148, 'Alcomendra',    'John Marco',              '', '', 30,       1,        '1990-08-09', 1, 8, 1 ),
            (317, 149, 'Del Alvarez',  'Berna Dette',             '', '', 42,       2,        '1978-03-07', 1, 7, 1 ),
            (318, 149, 'Del Alvarez',  'Jamus',            '', '', 42,       1,        '1978-03-09', 1, 7, 1 ),
            (319, 150, 'Tambong',     'Franco',            '', '', 42,       1,        '1978-03-07', 1, 4, 1 ),
            (320, 150, 'Tambong',     'Bea Trice',           '', '', 42,       2,        '1978-03-09', 1, 5, 0 ),
            (321, 151, 'Baccayo',    'Barbylyn',            '', '', 30,       2,        '1990-06-07', 5, 5, 1 ),
            (322, 152, 'Bagatsingan',     'Jacobo',        '', '', 29,       1,        '1991-08-07', 5, 3, 0 ),
            (323, 153, 'Balingitan',     'Aura',             '', '', 35,       2,        '1985-04-07', 5, 5, 1 ),
            (324, 154, 'Banalan',      'Christ Ian',           '', '', 35,       1,        '1985-01-07', 5, 5, 0 ),
            (325, 155, 'Bartesa',      'April May',           '', '', 25,       2,        '1995-11-05', 2, 8, 1 ),
            (326, 156, 'Baso',       'Annielyn',           '', '', 20,       2,        '2000-10-10', 2, 7, 1 ),
            (327, 157, 'Bazon',    'Bonnette',            '', '', 20,       2,        '2000-09-19', 2, 4, 1 ),
            (328, 158, 'Bulano',    'Anna Bell',            '', '', 42,       2,        '1978-02-02', 3, 7, 1 ),
            (329, 159, 'Cabatuanan',      'Bonita',           '', '', 45,       2,        '1975-12-10', 4, 8, 1 ),
            (330, 160, 'Calinaoan',      'Armado',   '', '', 30,       1,        '1990-05-07', 1, 5, 1 ),
            (331, 160, 'Calinaoan',      'Angelice',        '', '', 35,       2,        '1985-06-09', 1, 6, 1 ),
            (332, 161, 'Canuton',    'Modest',         '', '', 34,       1,        '1986-04-07', 1, 6, 1 ),
            (333, 161, 'Canuton',    'Mutya Pasig',           '', '', 35,       2,        '1985-10-09', 1, 6, 1 ),
            (334, 162, 'Capilis',  'Mauricio',          '', '', 30,       1,        '1990-11-07', 1, 7, 1 ),
            (335, 162, 'Capilis',  'Martha',            '', '', 30,       2,        '1990-12-09', 1, 8, 1 ),
            (336, 163, 'Catacutanan',    'Manuelita',           '', '', 30,       2,        '1990-07-07', 1, 9, 1 ),
            (337, 163, 'Catacutanan',    'Marcel',              '', '', 30,       1,        '1990-08-09', 1, 8, 1 ),
            (338, 164, 'Del Chavez',  'Marga',             '', '', 45,       2,        '1975-03-07', 1, 7, 1 ),
            (339, 164, 'Del Chavez',  'Marco',            '', '', 45,       1,        '1975-03-09', 1, 7, 1 ),
            (340, 165, 'San Concepcion',     'Mario',            '', '', 45,       1,        '1975-03-07', 1, 4, 1 ),
            (341, 165, 'San Concepcion',     'Maria Anna',           '', '', 45,       2,        '1975-03-09', 1, 5, 0 ),
            (342, 166, 'Dagohay',    'Marimar',            '', '', 30,       2,        '1990-06-07', 5, 5, 1 ),
            (343, 167, 'Dela Guzman',     'Martino',        '', '', 29,       1,        '1991-08-07', 5, 3, 0 ),
            (344, 168, 'Dela Rosario',     'Maris',             '', '', 35,       2,        '1985-04-07', 5, 5, 1 ),
            (345, 169, 'Dela Valle',      'Marlone',           '', '', 35,       1,        '1985-01-07', 5, 5, 0 ),
            (346, 170, 'Dimarucutan',      'Mabela',           '', '', 35,       2,        '1995-11-05', 2, 8, 1 ),
            (347, 171, 'Abinsayo',    'Martini',         '', '', 31,       1,        '1989-04-07', 1, 6, 1 ),
            (348, 171, 'Abinsayo',    'Marina',           '', '', 35,       2,        '1985-10-09', 1, 6, 1 ),
            (349, 172, 'Aboton',  'Marvie',          '', '', 30,       1,        '1990-11-07', 1, 7, 1 ),
            (350, 172, 'Aboton',  'Maurich',            '', '', 30,       2,        '1990-12-09', 1, 8, 1 ),
            (351, 173, 'Abuanan',    'Maximada',           '', '', 30,       2,        '1990-07-07', 1, 9, 1 ),
            (352, 173, 'Abuanan',    'Maynardo',              '', '', 30,       1,        '1990-08-09', 1, 8, 1 ),
            (353, 174, 'De Agas',  'Salomena',             '', '', 45,       2,        '1975-03-07', 1, 7, 1 ),
            (354, 174, 'De Agas',  'Salvado',            '', '', 45,       1,        '1975-03-09', 1, 7, 1 ),
            (355, 175, 'Agono',     'Sam',            '', '', 41,       1,        '1979-03-07', 1, 4, 1 ),
            (356, 175, 'Agono',     'Sahanna',           '', '', 45,       2,        '1975-03-09', 1, 5, 0 ),
            (357, 176, 'Alabat',    'Kasandra',            '', '', 30,       2,        '1990-06-07', 5, 5, 1 ),
            (358, 177, 'Aldayan',     'Sam Chui',        '', '', 29,       1,        '1991-08-07', 5, 3, 0 ),
            (359, 178, 'Alonta',     'Serene',             '', '', 35,       2,        '1985-04-07', 5, 5, 1 ),
            (360, 179, 'Ambula',      'Sergo',           '', '', 35,       1,        '1985-01-07', 5, 5, 0 ),
            (361, 180, 'Tampong',      'Shelia',           '', '', 25,       2,        '1995-11-05', 2, 8, 1 ),
            (362, 181, 'Antalano',    'Sheldron',         '', '', 31,       1,        '1989-04-07', 1, 6, 1 ),
            (363, 181, 'Antalano',    'Shellee',           '', '', 35,       2,        '1985-10-09', 1, 6, 1 ),
            (364, 182, 'Bogasbas',  'Socrato',          '', '', 30,       1,        '1990-11-07', 1, 7, 1 ),
            (365, 182, 'Bogasbas',  'Socory',            '', '', 30,       2,        '1990-12-09', 1, 8, 1 ),
            (366, 183, 'Bolaba',    'Shoraya',           '', '', 30,       2,        '1990-07-07', 1, 9, 1 ),
            (367, 183, 'Bolaba',    'Spence',              '', '', 30,       1,        '1990-08-09', 1, 8, 1 ),
            (368, 184, 'Cervanta',    'Ali',          '', '', 30,       1,        '1990-11-07', 1, 7, 1 ),
            (369, 184, 'Cervanta',   'Lala',            '', '', 30,       2,        '1990-12-09', 1, 8, 1 ),
            (370, 185, 'Montan',     'Hanachi',           '', '', 30,       2,        '1990-07-07', 1, 9, 1 ),
            (371, 185, 'Montan',     'Leopoldo',              '', '', 30,       1,        '1990-08-09', 1, 8, 1 ),
            (372, 186, 'Rodrigosa',   'Rubymae',             '', '', 45,       2,        '1975-03-07', 1, 7, 1 ),
            (373, 186, 'Rodrigosa',   'Clinton',            '', '', 45,       1,        '1975-03-09', 1, 7, 1 ),
            (374, 187, 'Fargasa',      'Brucho',            '', '', 45,       1,        '1975-03-07', 1, 4, 1 ),
            (375, 187, 'Fargasa',      'Lisa Lei',           '', '', 45,       2,        '1975-03-09', 1, 5, 0 ),
            (376, 188, 'Don Gonzaga',     'Alisandra',            '', '', 30,       2,        '1990-06-07', 5, 5, 1 ),
            (377, 188, 'De Vargas',      'Alex Ander',        '', '', 29,       1,        '1991-08-07', 5, 3, 0 ),
            (378, 189, 'Halilin',     'Miya Miya',             '', '', 35,       2,        '1985-04-07', 5, 5, 1 ),
            (379, 189, 'Del Reyes',      'Miguelito',           '', '', 35,       1,        '1985-01-07', 5, 5, 0 ),
            (380, 190, 'Del Gomez',      'Selendra',           '', '', 25,       2,        '1995-11-05', 2, 8, 1 ),
            (381, 191, 'Maisip',       'Angelata',           '', '', 20,       2,        '2000-10-10', 2, 7, 1 ),
            (382, 192, 'San Jimenez',    'Lylita',            '', '', 20,       2,        '2000-09-19', 2, 4, 1 ),
            (383, 193, 'Sta. Coronel',    'Hildra',            '', '', 45,       2,        '1975-02-02', 3, 7, 1 ),
            (384, 193, 'De Lopez',      'Karindiria',           '', '', 45,       2,        '1975-12-10', 4, 8, 1 )
;


SELECT "Populating details of FP Method used by couples" AS MESSAGE;
-- --------------------------------------------------------
--
-- Dumping data for table `fp_details`
--

INSERT INTO rpfp.`fp_details`
            (`FP_DETAILS_ID`, `COUPLES_ID`, `MFP_METHOD_USED_ID`, `MFP_INTENTION_SHIFT_ID`, `TFP_TYPE_ID`, `TFP_STATUS_ID`, `MFP_INTENTION_USE_ID`, `REASON_INTENDING_USE_ID`)
     VALUES (1, 1, 3, NULL, NULL, NULL, NULL, NULL),
            (2, 2, NULL, NULL, 1, 'D', NULL, NULL),
            (3, 3, 3, 2, NULL, NULL, NULL, NULL),
            (4, 4, NULL, NULL, 6, 'D', NULL, NULL),
            (5, 5, NULL, NULL, 6, 'C', NULL, NULL),
            (6, 6, NULL, NULL, 6, 'A', 6, 1),
            (7, 7, NULL, NULL, 1, 2, NULL, NULL),
            (8, 8, 12, NULL, NULL, NULL, NULL, NULL),
            (9, 9, NULL, NULL, 2, 'A', 7, 2),
            (10, 10, NULL, NULL, 6, 'A', 8, 2),
            (11, 11, NULL, NULL, 6, 'D', NULL, NULL),
            (12, 12, NULL, NULL, 6, 'D', NULL, NULL),
            (13, 13, NULL, NULL, 6, 'D', NULL, NULL),
            (14, 14, NULL, NULL, 6, 'D', NULL, NULL),
            (15, 15, NULL, NULL, 6, 'D', NULL, NULL),
            (16, 16, NULL, NULL, 1, 'D', NULL, NULL),
            (17, 17, 3, 2, NULL, NULL, NULL, NULL),
            (18, 18, NULL, NULL, 6, 'D', NULL, NULL),
            (19, 19, NULL, NULL, 6, 'C', NULL, NULL),
            (20, 20, NULL, NULL, 6, 'A', 9, 1),
            (21, 21, NULL, NULL, 1, 'B', NULL, NULL),
            (22, 22, 12, NULL, NULL, NULL, NULL, NULL),
            (23, 23, NULL, NULL, 2, 'A', 5, 2),
            (24, 24, NULL, NULL, 6, 'A', 5, 2),
            (25, 25, NULL, NULL, 6, 'D', NULL, NULL),
            (26, 26, NULL, NULL, 6, 'D', NULL, NULL),
            (27, 27, NULL, NULL, 6, 'D', NULL, NULL),
            (28, 28, NULL, NULL, 6, 'D', NULL, NULL),
            (29, 29, NULL, NULL, 6, 'D', NULL, NULL),
            (30, 30, NULL, NULL, 1, 'D', NULL, NULL),
            (31, 31, 3, 2, NULL, NULL, NULL, NULL),
            (32, 32, NULL, NULL, 6, 'D', NULL, NULL),
            (33, 33, NULL, NULL, 6, 'C', NULL, NULL),
            (34, 34, NULL, NULL, 6, 'A', 4, 1),
            (35, 35, NULL, NULL, 1, 'B', NULL, NULL),
            (36, 36, 12, NULL, NULL, NULL, NULL, NULL),
            (37, 37, NULL, NULL, 2, 'A', 1, 2),
            (38, 38, NULL, NULL, 6, 'A', 5, 2),
            (39, 39, NULL, NULL, 6, 'D', NULL, NULL),
            (40, 40, NULL, NULL, 6, 'D', NULL, NULL),
            (41, 41, NULL, NULL, 6, 'D', NULL, NULL),
            (42, 42, NULL, NULL, 6, 'D', NULL, NULL),
            (43, 43, NULL, NULL, 6, 'D', NULL, NULL),
            (44, 44, NULL, NULL, 6, 'D', NULL, NULL),
            (45, 45, NULL, NULL, 6, 'D', NULL, NULL),
            (46, 46, NULL, NULL, 1, 'D', NULL, NULL),
            (47, 47, 3, 2, NULL, NULL, NULL, NULL),
            (48, 48, NULL, NULL, 6, 'D', NULL, NULL),
            (49, 49, NULL, NULL, 6, 'C', NULL, NULL),
            (50, 50, NULL, NULL, 6, 'A', 4, 1),
            (51, 51, NULL, NULL, 1, 'B', NULL, NULL),
            (52, 52, 12, NULL, NULL, NULL, NULL, NULL),
            (53, 53, NULL, NULL, 2, 'A', 10, 2),
            (54, 54, NULL, NULL, 6, 'A', 11, 2),
            (55, 55, NULL, NULL, 6, 'D', NULL, NULL),
            (56, 56, NULL, NULL, 6, 'D', NULL, NULL),
            (57, 57, NULL, NULL, 6, 'D', NULL, NULL),
            (58, 58, NULL, NULL, 6, 'D', NULL, NULL),
            (59, 59, NULL, NULL, 6, 'D', NULL, NULL),
            (60, 60, NULL, NULL, 1, 'D', NULL, NULL),
            (61, 61, 3, 2, NULL, NULL, NULL, NULL),
            (62, 62, NULL, NULL, 6, 'D', NULL, NULL),
            (63, 63, NULL, NULL, 6, 'C', NULL, NULL),
            (64, 64, NULL, NULL, 6, 'A', 12, 1),
            (65, 65, NULL, NULL, 1, 'B', NULL, NULL),
            (66, 66, 12, NULL, NULL, NULL, NULL, NULL),
            (67, 67, NULL, NULL, 2, 'A', 3, 2),
            (68, 68, NULL, NULL, 6, 'A', 4, 2),
            (69, 69, NULL, NULL, 6, 'D', NULL, NULL),
            (70, 70, NULL, NULL, 6, 'D', NULL, NULL),
            (71, 71, NULL, NULL, 6, 'D', NULL, NULL),
            (72, 72, NULL, NULL, 6, 'D', NULL, NULL),
            (73, 73, NULL, NULL, 6, 'D', NULL, NULL),
            (74, 74, NULL, NULL, 1, 'B', NULL, NULL),
            (75, 75, 12, NULL, NULL, NULL, NULL, NULL),
            (76, 76, NULL, NULL, 2, 'A', 1, 2),
            (77, 77, NULL, NULL, 6, 'A', 2, 2),
            (78, 78, NULL, NULL, 6, 'D', NULL, NULL),
            (79, 79, NULL, NULL, 6, 'D', NULL, NULL),
            (80, 80, NULL, NULL, 6, 'D', NULL, NULL),
            (81, 81, NULL, NULL, 6, 'D', NULL, NULL),
            (82, 82, NULL, NULL, 6, 'D', NULL, NULL),
            (83, 83, NULL, NULL, 6, 'D', NULL, NULL),
            (84, 84, NULL, NULL, 6, 'C', NULL, NULL),
            (85, 85, NULL, NULL, 6, 'A', 4, 1),
            (86, 86, NULL, NULL, 1, 'B', NULL, NULL),
            (87, 87, 12, NULL, NULL, NULL, NULL, NULL),
            (88, 88, NULL, NULL, 2, 'A', 6, 2),
            (89, 89, NULL, NULL, 6, 'A', 7, 2),
            (90, 90, NULL, NULL, 6, 'D', NULL, NULL),
            (91, 91, NULL, NULL, 6, 'D', NULL, NULL),
            (92, 92, NULL, NULL, 6, 'D', NULL, NULL),
            (93, 93, NULL, NULL, 6, 'D', NULL, NULL),

            (94, 94, 12, NULL, NULL, NULL, NULL, NULL),
            (95, 95, NULL, NULL, 6, 'C', NULL, NULL),
            (96, 96, NULL, NULL, 6, 'A', 6, 1),
            (97, 97, NULL, NULL, 1, 2, NULL, NULL),
            (98, 98, 12, NULL, NULL, NULL, NULL, NULL),
            (99, 99, NULL, NULL, 2, 'A', 7, 2),
            (100, 100, NULL, NULL, 6, 'A', 8, 2),
            (101, 101, NULL, NULL, 6, 'D', NULL, NULL),
            (102, 102, 12, NULL, NULL, NULL, NULL, NULL),
            (103, 103, NULL, NULL, 6, 'D', NULL, NULL),
            (104, 104, NULL, NULL, 6, 'D', NULL, NULL),
            (105, 105, 12, NULL, NULL, NULL, NULL, NULL),
            (106, 106, NULL, NULL, 1, 'D', NULL, NULL),
            (107, 107, 3, 2, NULL, NULL, NULL, NULL),
            (108, 108, NULL, NULL, 6, 'D', NULL, NULL),
            (109, 109, NULL, NULL, 6, 'C', NULL, NULL),
            (120, 120, NULL, NULL, 6, 'A', 9, 1),
            (121, 121, 12, NULL, NULL, NULL, NULL, NULL),
            (122, 122, 12, NULL, NULL, NULL, NULL, NULL),
            (123, 123, NULL, NULL, 2, 'A', 5, 2),
            (124, 124, NULL, NULL, 6, 'A', 5, 2),
            (125, 125, NULL, NULL, 6, 'D', NULL, NULL),
            (126, 126, NULL, NULL, 6, 'D', NULL, NULL),
            (127, 127, NULL, NULL, 6, 'D', NULL, NULL),
            (128, 128, NULL, NULL, 6, 'D', NULL, NULL),
            (129, 129, NULL, NULL, 6, 'D', NULL, NULL),
            (130, 130, 12, NULL, NULL, NULL, NULL, NULL),
            (131, 131, 3, 2, NULL, NULL, NULL, NULL),
            (132, 132, NULL, NULL, 6, 'D', NULL, NULL),
            (133, 133, NULL, NULL, 6, 'C', NULL, NULL),
            (134, 134, NULL, NULL, 6, 'A', 4, 1),
            (135, 135, 12, NULL, NULL, NULL, NULL, NULL),
            (136, 136, 12, NULL, NULL, NULL, NULL, NULL),
            (137, 137, NULL, NULL, 2, 'A', 1, 2),
            (138, 138, NULL, NULL, 6, 'A', 5, 2),
            (139, 139, NULL, NULL, 6, 'D', NULL, NULL),
            (140, 140, NULL, NULL, 6, 'D', NULL, NULL),
            (141, 141, NULL, NULL, 6, 'D', NULL, NULL),
            (142, 142, NULL, NULL, 6, 'D', NULL, NULL),
            (143, 143, 12, NULL, NULL, NULL, NULL, NULL),
            (144, 144, 12, NULL, NULL, NULL, NULL, NULL),
            (145, 145, NULL, NULL, 6, 'D', NULL, NULL),
            (146, 146, NULL, NULL, 1, 'D', NULL, NULL),
            (147, 147, 3, 2, NULL, NULL, NULL, NULL),
            (148, 148, NULL, NULL, 6, 'D', NULL, NULL),
            (149, 149, NULL, NULL, 6, 'C', NULL, NULL),
            (150, 150, NULL, NULL, 6, 'A', 4, 1),
            (151, 151, NULL, NULL, 1, 'B', NULL, NULL),
            (152, 152, 12, NULL, NULL, NULL, NULL, NULL),
            (153, 153, NULL, NULL, 2, 'A', 10, 2),
            (154, 154, NULL, NULL, 6, 'A', 11, 2),
            (155, 155, NULL, NULL, 6, 'D', NULL, NULL),
            (156, 156, NULL, NULL, 6, 'D', NULL, NULL),
            (157, 157, 12, NULL, NULL, NULL, NULL, NULL),
            (158, 158, 12, NULL, NULL, NULL, NULL, NULL),
            (159, 159, 12, NULL, NULL, NULL, NULL, NULL),
            (160, 160, NULL, NULL, 1, 'D', NULL, NULL),
            (161, 161, 3, 2, NULL, NULL, NULL, NULL),
            (162, 162, NULL, NULL, 6, 'D', NULL, NULL),
            (163, 163, NULL, NULL, 6, 'C', NULL, NULL),
            (164, 164, NULL, NULL, 6, 'A', 12, 1),
            (165, 165, NULL, NULL, 1, 'B', NULL, NULL),
            (166, 166, 12, NULL, NULL, NULL, NULL, NULL),
            (167, 167, NULL, NULL, 2, 'A', 3, 2),
            (168, 168, NULL, NULL, 6, 'A', 4, 2),
            (169, 169, NULL, NULL, 6, 'D', NULL, NULL),
            (170, 170, NULL, NULL, 6, 'D', NULL, NULL),
            (171, 171, NULL, NULL, 6, 'D', NULL, NULL),
            (172, 172, NULL, NULL, 6, 'D', NULL, NULL),
            (173, 173, NULL, NULL, 6, 'D', NULL, NULL),
            (174, 174, NULL, NULL, 1, 'B', NULL, NULL),
            (175, 175, 12, NULL, NULL, NULL, NULL, NULL),
            (176, 176, NULL, NULL, 2, 'A', 1, 2),
            (177, 177, NULL, NULL, 6, 'A', 2, 2),
            (178, 178, NULL, NULL, 6, 'D', NULL, NULL),
            (179, 179, NULL, NULL, 6, 'D', NULL, NULL),
            (180, 180, 12, NULL, NULL, NULL, NULL, NULL),
            (181, 181, 12, NULL, NULL, NULL, NULL, NULL),
            (182, 182, 12, NULL, NULL, NULL, NULL, NULL),
            (183, 183, NULL, NULL, 6, 'D', NULL, NULL),
            (184, 184, NULL, NULL, 6, 'C', NULL, NULL),
            (185, 185, NULL, NULL, 6, 'A', 4, 1),
            (186, 186, NULL, NULL, 1, 'B', NULL, NULL),
            (187, 187, 12, NULL, NULL, NULL, NULL, NULL),
            (188, 188, NULL, NULL, 2, 'A', 6, 2),
            (189, 189, NULL, NULL, 6, 'A', 7, 2),
            (190, 190, NULL, NULL, 6, 'D', NULL, NULL),
            (191, 191, NULL, NULL, 6, 'D', NULL, NULL),
            (192, 192, 12, NULL, NULL, NULL, NULL, NULL),
            (193, 193, NULL, NULL, 6, 'D', NULL, NULL)
;

SELECT "Populating details of target couples per month" AS MESSAGE;
-- --------------------------------------------------------
--
-- Dumping data for table `fp_details`
--

INSERT INTO rpfp.`target_couples`
            (`TARGET_ID`, `TARGET_YEAR`, `TARGET_MONTH`, `PSGC_CODE`, `TARGET_COUNT`)
     VALUES (1, 2019, 01, 08, 1000),
            (2, 2019, 02, 08, 1000),
            (3, 2019, 03, 08, 1000),
            (4, 2019, 04, 08, 1000),
            (5, 2019, 05, 08, 1000),
            (6, 2019, 06, 08, 1000),
            (7, 2019, 07, 08, 1000),
            (8, 2019, 08, 08, 1000),
            (9, 2019, 09, 08, 1000),
            (10, 2019, 10, 08, 1000),
            (11, 2019, 11, 08, 1000),
            (12, 2019, 12, 08, 1000),
            (13, 2019, 01, 02, 1000),
            (14, 2019, 02, 02, 1000),
            (15, 2019, 03, 02, 1000),
            (18, 2019, 04, 02, 1000),
            (19, 2019, 05, 02, 1000),
            (20, 2019, 06, 02, 1000),
            (21, 2019, 07, 02, 1000),
            (22, 2019, 08, 02, 1000),
            (23, 2019, 09, 02, 1000),
            (24, 2019, 10, 02, 1000),
            (25, 2019, 11, 02, 1000),
            (26, 2019, 12, 02, 1000),
            (27, 2019, 01, 04, 1000),
            (28, 2019, 02, 04, 1000),
            (29, 2019, 03, 04, 1000),
            (30, 2019, 04, 04, 1000),
            (31, 2019, 05, 04, 1000),
            (32, 2019, 06, 04, 1000),
            (33, 2019, 07, 04, 1000),
            (34, 2019, 08, 04, 1000),
            (35, 2019, 09, 04, 1000),
            (36, 2019, 10, 04, 1000),
            (37, 2019, 11, 04, 1000),
            (38, 2019, 12, 04, 1000),
            (39, 2019, 01, 07, 1000),
            (40, 2019, 02, 07, 1000),
            (41, 2019, 03, 07, 1000),
            (42, 2019, 04, 07, 1000),
            (43, 2019, 05, 07, 1000),
            (44, 2019, 06, 07, 1000),
            (45, 2019, 07, 07, 1000),
            (46, 2019, 08, 07, 1000),
            (47, 2019, 09, 07, 1000),
            (48, 2019, 10, 07, 1000),
            (49, 2019, 11, 07, 1000),
            (50, 2019, 12, 07, 1000)
;

-- --------------------------------------------------------

COMMIT;
SELECT "Done" AS MESSAGE;
